{"cameraMode":{"drawMode":0,"name":"Shaded","section":"Shading Mode"},"sceneLighting":false,"audioPlay":false,"sceneViewState":{"showFog":true,"showMaterialUpdate":true,"showSkybox":true,"showFlares":true,"showImageEffects":true,"showParticleSystems":true},"in2DMode":false,"pivot":{"x":-7.8127593994140629,"y":4.559507369995117,"z":51.782440185546878},"rotation":{"x":0.19968849420547486,"y":0.019388975575566293,"z":-0.003949091769754887,"w":0.9796596169471741},"size":72.91725158691406,"orthographic":false}