{"cameraMode":{"drawMode":0,"name":"Shaded","section":"Shading Mode"},"sceneLighting":false,"audioPlay":false,"sceneViewState":{"showFog":true,"showMaterialUpdate":true,"showSkybox":true,"showFlares":true,"showImageEffects":true,"showParticleSystems":true},"in2DMode":false,"pivot":{"x":0.14054632186889649,"y":0.7974421977996826,"z":7.318968296051025},"rotation":{"x":0.1963176131248474,"y":-0.6078510880470276,"z":0.15850265324115754,"w":0.7528967261314392},"size":7.314149379730225,"orthographic":false}