{"cameraMode":{"drawMode":0,"name":"Shaded","section":"Shading Mode"},"sceneLighting":false,"audioPlay":false,"sceneViewState":{"showFog":true,"showMaterialUpdate":true,"showSkybox":true,"showFlares":true,"showImageEffects":true,"showParticleSystems":true},"in2DMode":false,"pivot":{"x":1.3609877824783326,"y":1.431668758392334,"z":-0.2520158290863037},"rotation":{"x":0.18789875507354737,"y":-0.3824753165245056,"z":0.07975570112466812,"w":0.9011358618736267},"size":0.48519283533096316,"orthographic":false}