{"cameraMode":{"drawMode":0,"name":"Shaded","section":"Shading Mode"},"sceneLighting":false,"audioPlay":false,"sceneViewState":{"showFog":true,"showMaterialUpdate":true,"showSkybox":true,"showFlares":true,"showImageEffects":true,"showParticleSystems":true},"in2DMode":false,"pivot":{"x":13.242218017578125,"y":-21.719030380249025,"z":-34.98830032348633},"rotation":{"x":0.21314677596092225,"y":-0.6219397187232971,"z":0.18125854432582856,"w":0.7313718795776367},"size":114.77465057373047,"orthographic":false}