{"cameraMode":{"drawMode":0,"name":"Shaded","section":"Shading Mode"},"sceneLighting":false,"audioPlay":false,"sceneViewState":{"showFog":true,"showMaterialUpdate":true,"showSkybox":true,"showFlares":true,"showImageEffects":true,"showParticleSystems":true},"in2DMode":false,"pivot":{"x":-4.099639892578125,"y":-3.013965606689453,"z":-32.477874755859378},"rotation":{"x":0.2275659143924713,"y":0.004663293249905109,"z":-0.0010867757955566049,"w":0.9737509489059448},"size":126.42020416259766,"orthographic":false}