{"cameraMode":{"drawMode":0,"name":"Shaded","section":"Shading Mode"},"sceneLighting":false,"audioPlay":false,"sceneViewState":{"showFog":true,"showMaterialUpdate":true,"showSkybox":true,"showFlares":true,"showImageEffects":true,"showParticleSystems":true},"in2DMode":false,"pivot":{"x":-14.651300430297852,"y":20.506324768066408,"z":17.710355758666993},"rotation":{"x":-0.17614205181598664,"y":-0.01267911121249199,"z":0.0022661748807877304,"w":-0.984280526638031},"size":38.29766082763672,"orthographic":false}