{"cameraMode":{"drawMode":0,"name":"Shaded","section":"Shading Mode"},"sceneLighting":false,"audioPlay":false,"sceneViewState":{"showFog":true,"showMaterialUpdate":true,"showSkybox":true,"showFlares":true,"showImageEffects":true,"showParticleSystems":true},"in2DMode":false,"pivot":{"x":0.00849294662475586,"y":5.709916114807129,"z":-0.4850459098815918},"rotation":{"x":0.17355328798294068,"y":-0.3592943251132965,"z":0.06819827109575272,"w":0.9144046902656555},"size":9.573887825012207,"orthographic":false}