{"cameraMode":{"drawMode":0,"name":"Shaded","section":"Shading Mode"},"sceneLighting":false,"audioPlay":false,"sceneViewState":{"showFog":true,"showMaterialUpdate":true,"showSkybox":true,"showFlares":true,"showImageEffects":true,"showParticleSystems":true},"in2DMode":false,"pivot":{"x":-0.7912473678588867,"y":1.0199326276779175,"z":4.70281982421875},"rotation":{"x":0.015522287227213383,"y":-0.9799183011054993,"z":0.17990918457508088,"w":0.08456973731517792},"size":4.705159664154053,"orthographic":false}