{"cameraMode":{"drawMode":0,"name":"Shaded","section":"Shading Mode"},"sceneLighting":false,"audioPlay":false,"sceneViewState":{"showFog":true,"showMaterialUpdate":true,"showSkybox":true,"showFlares":true,"showImageEffects":true,"showParticleSystems":true},"in2DMode":false,"pivot":{"x":-0.7615871429443359,"y":-9.932853698730469,"z":-15.220985412597657},"rotation":{"x":-0.2680249512195587,"y":-0.03985309973359108,"z":0.011094639077782631,"w":-0.9625234603881836},"size":124.46014404296875,"orthographic":false}