{"cameraMode":{"drawMode":0,"name":"Shaded","section":"Shading Mode"},"sceneLighting":false,"audioPlay":false,"sceneViewState":{"showFog":true,"showMaterialUpdate":true,"showSkybox":true,"showFlares":true,"showImageEffects":true,"showParticleSystems":true},"in2DMode":false,"pivot":{"x":3.7885143756866457,"y":-25.458471298217775,"z":-0.1673297882080078},"rotation":{"x":0.08394867926836014,"y":0.028682595118880273,"z":-0.0024144419003278019,"w":0.9960542917251587},"size":15.824130058288575,"orthographic":false}