{"cameraMode":{"drawMode":0,"name":"Shaded","section":"Shading Mode"},"sceneLighting":false,"audioPlay":false,"sceneViewState":{"showFog":true,"showMaterialUpdate":true,"showSkybox":true,"showFlares":true,"showImageEffects":true,"showParticleSystems":true},"in2DMode":false,"pivot":{"x":5.13519287109375,"y":25.723175048828126,"z":16.0078125},"rotation":{"x":0.012075827457010746,"y":0.009289245121181012,"z":-0.00010865100921364501,"w":0.9998839497566223},"size":17.744792938232423,"orthographic":true}