{"cameraMode":{"drawMode":0,"name":"Shaded","section":"Shading Mode"},"sceneLighting":false,"audioPlay":false,"sceneViewState":{"showFog":true,"showMaterialUpdate":true,"showSkybox":true,"showFlares":true,"showImageEffects":true,"showParticleSystems":true},"in2DMode":false,"pivot":{"x":0.25797319412231448,"y":-0.04073309898376465,"z":0.18150228261947633},"rotation":{"x":0.024912914261221887,"y":-0.8943877220153809,"z":0.4437658190727234,"w":0.05021894350647926},"size":0.991888701915741,"orthographic":false}