{"cameraMode":{"drawMode":0,"name":"Shaded","section":"Shading Mode"},"sceneLighting":false,"audioPlay":false,"sceneViewState":{"showFog":true,"showMaterialUpdate":true,"showSkybox":true,"showFlares":true,"showImageEffects":true,"showParticleSystems":true},"in2DMode":false,"pivot":{"x":32.896175384521487,"y":-11.239274978637696,"z":-44.63570785522461},"rotation":{"x":0.13519982993602754,"y":-0.18580792844295503,"z":0.025823969393968583,"w":0.9728975296020508},"size":49.55387878417969,"orthographic":false}