{"cameraMode":{"drawMode":0,"name":"Shaded","section":"Shading Mode"},"sceneLighting":false,"audioPlay":false,"sceneViewState":{"showFog":true,"showMaterialUpdate":true,"showSkybox":true,"showFlares":true,"showImageEffects":true,"showParticleSystems":true},"in2DMode":false,"pivot":{"x":-8.565485000610352,"y":-17.845069885253908,"z":-16.128761291503908},"rotation":{"x":0.4617137312889099,"y":-0.020744262263178827,"z":0.010806720703840256,"w":0.8867205381393433},"size":117.94186401367188,"orthographic":false}