{"cameraMode":{"drawMode":0,"name":"Shaded","section":"Shading Mode"},"sceneLighting":false,"audioPlay":false,"sceneViewState":{"showFog":true,"showMaterialUpdate":true,"showSkybox":true,"showFlares":true,"showImageEffects":true,"showParticleSystems":true},"in2DMode":false,"pivot":{"x":0.1369863897562027,"y":0.01686134934425354,"z":0.1915452480316162},"rotation":{"x":-0.08229080587625504,"y":-0.9045121073722839,"z":0.36555516719818118,"w":-0.20360636711120606},"size":0.691888689994812,"orthographic":false}