{"cameraMode":{"drawMode":0,"name":"Shaded","section":"Shading Mode"},"sceneLighting":false,"audioPlay":false,"sceneViewState":{"showFog":true,"showMaterialUpdate":true,"showSkybox":true,"showFlares":true,"showImageEffects":true,"showParticleSystems":true},"in2DMode":false,"pivot":{"x":156.83091735839845,"y":105.67698669433594,"z":5.518218994140625},"rotation":{"x":0.02106938138604164,"y":0.02428256720304489,"z":-0.0005082497955299914,"w":0.9994829893112183},"size":350.61083984375,"orthographic":false}