{"cameraMode":{"drawMode":0,"name":"Shaded","section":"Shading Mode"},"sceneLighting":false,"audioPlay":false,"sceneViewState":{"showFog":true,"showMaterialUpdate":true,"showSkybox":true,"showFlares":true,"showImageEffects":true,"showParticleSystems":true},"in2DMode":false,"pivot":{"x":-9.076504707336426,"y":27.260087966918947,"z":-0.9173355102539063},"rotation":{"x":0.19968849420547486,"y":0.019388975575566293,"z":-0.003949091769754887,"w":0.9796596169471741},"size":16.92302894592285,"orthographic":false}