{"cameraMode":{"drawMode":0,"name":"Shaded","section":"Shading Mode"},"sceneLighting":false,"audioPlay":false,"sceneViewState":{"showFog":true,"showMaterialUpdate":true,"showSkybox":true,"showFlares":true,"showImageEffects":true,"showParticleSystems":true},"in2DMode":false,"pivot":{"x":1.739577054977417,"y":1.121708869934082,"z":-1.231067180633545},"rotation":{"x":0.2643353044986725,"y":0.08435798436403275,"z":-0.02321268804371357,"w":0.9604539275169373},"size":6.825293064117432,"orthographic":false}