{"cameraMode":{"drawMode":0,"name":"Shaded","section":"Shading Mode"},"sceneLighting":false,"audioPlay":false,"sceneViewState":{"showFog":true,"showMaterialUpdate":true,"showSkybox":true,"showFlares":true,"showImageEffects":true,"showParticleSystems":true},"in2DMode":false,"pivot":{"x":-3.32728910446167,"y":0.44396018981933596,"z":4.34185791015625},"rotation":{"x":0.1451287567615509,"y":-0.30309799313545229,"z":0.046766120940446857,"w":0.9406817555427551},"size":14.280474662780762,"orthographic":false}