{"cameraMode":{"drawMode":0,"name":"Shaded","section":"Shading Mode"},"sceneLighting":false,"audioPlay":false,"sceneViewState":{"showFog":true,"showMaterialUpdate":true,"showSkybox":true,"showFlares":true,"showImageEffects":true,"showParticleSystems":true},"in2DMode":false,"pivot":{"x":-0.4966273307800293,"y":0.7573239803314209,"z":4.257564544677734},"rotation":{"x":0.1963176131248474,"y":-0.6078510880470276,"z":0.15850265324115754,"w":0.7528967261314392},"size":7.69335412979126,"orthographic":false}