{"cameraMode":{"drawMode":0,"name":"Shaded","section":"Shading Mode"},"sceneLighting":false,"audioPlay":false,"sceneViewState":{"showFog":true,"showMaterialUpdate":true,"showSkybox":true,"showFlares":true,"showImageEffects":true,"showParticleSystems":true},"in2DMode":false,"pivot":{"x":6.974125862121582,"y":13.778953552246094,"z":11.439130783081055},"rotation":{"x":-0.2303560972213745,"y":-0.030355921015143396,"z":0.00718519976362586,"w":-0.9726063013076782},"size":32.592193603515628,"orthographic":false}