{"cameraMode":{"drawMode":0,"name":"Shaded","section":"Shading Mode"},"sceneLighting":false,"audioPlay":false,"sceneViewState":{"showFog":true,"showMaterialUpdate":true,"showSkybox":true,"showFlares":true,"showImageEffects":true,"showParticleSystems":true},"in2DMode":false,"pivot":{"x":-8.593799591064454,"y":26.28605079650879,"z":1.4489564895629883},"rotation":{"x":-0.06303056329488754,"y":-0.01734492927789688,"z":0.0010929115815088153,"w":-0.9978602528572083},"size":15.83144474029541,"orthographic":false}