{"cameraMode":{"drawMode":0,"name":"Shaded","section":"Shading Mode"},"sceneLighting":false,"audioPlay":false,"sceneViewState":{"showFog":true,"showMaterialUpdate":true,"showSkybox":true,"showFlares":true,"showImageEffects":true,"showParticleSystems":true},"in2DMode":false,"pivot":{"x":0.12409837543964386,"y":0.032870665192604068,"z":0.12872961163520814},"rotation":{"x":-0.09238782525062561,"y":-0.8890805244445801,"z":0.206367626786232,"w":-0.3980110287666321},"size":0.6730692386627197,"orthographic":false}