{"cameraMode":{"drawMode":0,"name":"Shaded","section":"Shading Mode"},"sceneLighting":false,"audioPlay":false,"sceneViewState":{"showFog":true,"showMaterialUpdate":true,"showSkybox":true,"showFlares":true,"showImageEffects":true,"showParticleSystems":true},"in2DMode":false,"pivot":{"x":5.633001327514648,"y":3.266728162765503,"z":3.799031972885132},"rotation":{"x":0.18789875507354737,"y":-0.3824753165245056,"z":0.07975570112466812,"w":0.9011358618736267},"size":4.952535629272461,"orthographic":false}