{"cameraMode":{"drawMode":0,"name":"Shaded","section":"Shading Mode"},"sceneLighting":false,"audioPlay":false,"sceneViewState":{"showFog":true,"showMaterialUpdate":true,"showSkybox":true,"showFlares":true,"showImageEffects":true,"showParticleSystems":true},"in2DMode":false,"pivot":{"x":-0.027917996048927308,"y":0.0008499994874000549,"z":-0.015183500945568085},"rotation":{"x":0.2645008862018585,"y":-0.3716201186180115,"z":0.11133311688899994,"w":0.8829171657562256},"size":0.5244745016098023,"orthographic":false}