{"cameraMode":{"drawMode":0,"name":"Shaded","section":"Shading Mode"},"sceneLighting":false,"audioPlay":false,"sceneViewState":{"showFog":true,"showMaterialUpdate":true,"showSkybox":true,"showFlares":true,"showImageEffects":true,"showParticleSystems":true},"in2DMode":false,"pivot":{"x":-36.18113708496094,"y":1.1052501201629639,"z":37.03440475463867},"rotation":{"x":0.16402070224285127,"y":-0.6347663998603821,"z":0.14033345878124238,"w":0.7419402599334717},"size":15.408332824707032,"orthographic":false}