{"cameraMode":{"drawMode":0,"name":"Shaded","section":"Shading Mode"},"sceneLighting":false,"audioPlay":false,"sceneViewState":{"showFog":true,"showMaterialUpdate":true,"showSkybox":true,"showFlares":true,"showImageEffects":true,"showParticleSystems":true},"in2DMode":false,"pivot":{"x":-37.43105697631836,"y":-44.87355422973633,"z":-7.327217102050781},"rotation":{"x":0.3672027885913849,"y":0.05046005919575691,"z":-0.01995151862502098,"w":0.9285569190979004},"size":109.98416900634766,"orthographic":false}