{"cameraMode":{"drawMode":0,"name":"Shaded","section":"Shading Mode"},"sceneLighting":false,"audioPlay":false,"sceneViewState":{"showFog":true,"showMaterialUpdate":true,"showSkybox":true,"showFlares":true,"showImageEffects":true,"showParticleSystems":true},"in2DMode":false,"pivot":{"x":-32.28532409667969,"y":7.382531642913818,"z":8.951444625854493},"rotation":{"x":0.1696375161409378,"y":0.6764931082725525,"z":-0.16452142596244813,"w":0.6975048184394836},"size":11.45941162109375,"orthographic":false}