{"cameraMode":{"drawMode":0,"name":"Shaded","section":"Shading Mode"},"sceneLighting":false,"audioPlay":false,"sceneViewState":{"showFog":true,"showMaterialUpdate":true,"showSkybox":true,"showFlares":true,"showImageEffects":true,"showParticleSystems":true},"in2DMode":false,"pivot":{"x":0.08664295077323914,"y":0.03917530179023743,"z":0.09974771738052368},"rotation":{"x":-0.09238782525062561,"y":-0.8890805244445801,"z":0.206367626786232,"w":-0.3980110287666321},"size":0.725613534450531,"orthographic":false}