{"cameraMode":{"drawMode":0,"name":"Shaded","section":"Shading Mode"},"sceneLighting":false,"audioPlay":false,"sceneViewState":{"showFog":true,"showMaterialUpdate":true,"showSkybox":true,"showFlares":true,"showImageEffects":true,"showParticleSystems":true},"in2DMode":false,"pivot":{"x":-27.600730895996095,"y":23.504440307617189,"z":-7.972724914550781},"rotation":{"x":0.2057679146528244,"y":0.22547464072704316,"z":-0.04878188669681549,"w":0.951021134853363},"size":121.64662170410156,"orthographic":false}