{"cameraMode":{"drawMode":0,"name":"Shaded","section":"Shading Mode"},"sceneLighting":false,"audioPlay":false,"sceneViewState":{"showFog":true,"showMaterialUpdate":true,"showSkybox":true,"showFlares":true,"showImageEffects":true,"showParticleSystems":true},"in2DMode":false,"pivot":{"x":-22.30765151977539,"y":-28.808204650878908,"z":55.393402099609378},"rotation":{"x":-0.2312404066324234,"y":0.19998799264431,"z":-0.04863961786031723,"w":-0.9508769512176514},"size":215.1406707763672,"orthographic":false}