{"cameraMode":{"drawMode":0,"name":"Shaded","section":"Shading Mode"},"sceneLighting":false,"audioPlay":false,"sceneViewState":{"showFog":true,"showMaterialUpdate":true,"showSkybox":true,"showFlares":true,"showImageEffects":true,"showParticleSystems":true},"in2DMode":false,"pivot":{"x":-51.502197265625,"y":-29.089874267578126,"z":59.07879638671875},"rotation":{"x":0.22796043753623963,"y":-0.1436929702758789,"z":0.0340389721095562,"w":0.9624072909355164},"size":147.76773071289063,"orthographic":false}