{"cameraMode":{"drawMode":0,"name":"Shaded","section":"Shading Mode"},"sceneLighting":false,"audioPlay":false,"sceneViewState":{"showFog":true,"showMaterialUpdate":true,"showSkybox":true,"showFlares":true,"showImageEffects":true,"showParticleSystems":true},"in2DMode":false,"pivot":{"x":-15.992690086364746,"y":-14.91134262084961,"z":-10.355560302734375},"rotation":{"x":-0.24069344997406007,"y":-0.00376680726185441,"z":0.0009312761249020696,"w":-0.9705934524536133},"size":82.46992492675781,"orthographic":false}