{"cameraMode":{"drawMode":0,"name":"Shaded","section":"Shading Mode"},"sceneLighting":false,"audioPlay":false,"sceneViewState":{"showFog":true,"showMaterialUpdate":true,"showSkybox":true,"showFlares":true,"showImageEffects":true,"showParticleSystems":true},"in2DMode":false,"pivot":{"x":-4.647773742675781,"y":6.746685028076172,"z":15.069402694702149},"rotation":{"x":0.2659342885017395,"y":0.4170719087123871,"z":-0.12904492020606996,"w":0.8594635128974915},"size":70.68305969238281,"orthographic":false}