{"cameraMode":{"drawMode":0,"name":"Shaded","section":"Shading Mode"},"sceneLighting":false,"audioPlay":false,"sceneViewState":{"showFog":true,"showMaterialUpdate":true,"showSkybox":true,"showFlares":true,"showImageEffects":true,"showParticleSystems":true},"in2DMode":false,"pivot":{"x":55.38547134399414,"y":1.884351134300232,"z":-38.51383972167969},"rotation":{"x":0.023193955421447755,"y":-0.7409927845001221,"z":0.02563336491584778,"w":0.6706225872039795},"size":5.006336688995361,"orthographic":false}