{"cameraMode":{"drawMode":0,"name":"Shaded","section":"Shading Mode"},"sceneLighting":false,"audioPlay":false,"sceneViewState":{"showFog":true,"showMaterialUpdate":true,"showSkybox":true,"showFlares":true,"showImageEffects":true,"showParticleSystems":true},"in2DMode":false,"pivot":{"x":-1.8223943710327149,"y":0.09573173522949219,"z":-0.13557839393615724},"rotation":{"x":0.28852954506874087,"y":-0.32534611225128176,"z":0.10496420413255692,"w":0.8943618535995483},"size":5.337096691131592,"orthographic":false}