{"cameraMode":{"drawMode":0,"name":"Shaded","section":"Shading Mode"},"sceneLighting":false,"audioPlay":false,"sceneViewState":{"showFog":true,"showMaterialUpdate":true,"showSkybox":true,"showFlares":true,"showImageEffects":true,"showParticleSystems":true},"in2DMode":false,"pivot":{"x":5.084208011627197,"y":2.7462222576141359,"z":2.9041383266448976},"rotation":{"x":0.18789875507354737,"y":-0.3824753165245056,"z":0.07975570112466812,"w":0.9011358618736267},"size":9.326173782348633,"orthographic":false}