{"cameraMode":{"drawMode":0,"name":"Shaded","section":"Shading Mode"},"sceneLighting":false,"audioPlay":false,"sceneViewState":{"showFog":true,"showMaterialUpdate":true,"showSkybox":true,"showFlares":true,"showImageEffects":true,"showParticleSystems":true},"in2DMode":false,"pivot":{"x":6.171133041381836,"y":21.73244857788086,"z":14.950927734375},"rotation":{"x":0.1717054396867752,"y":0.012110458686947823,"z":-0.0021066288463771345,"w":0.9850717186927795},"size":33.23415756225586,"orthographic":false}