{"cameraMode":{"drawMode":0,"name":"Shaded","section":"Shading Mode"},"sceneLighting":false,"audioPlay":false,"sceneViewState":{"showFog":true,"showMaterialUpdate":true,"showSkybox":true,"showFlares":true,"showImageEffects":true,"showParticleSystems":true},"in2DMode":false,"pivot":{"x":6.819774150848389,"y":35.72736358642578,"z":-29.404830932617189},"rotation":{"x":0.18500477075576783,"y":0.00028568494599312544,"z":-0.00005016113573219627,"w":0.9827376008033752},"size":1.1016960144042969,"orthographic":false}