{"cameraMode":{"drawMode":0,"name":"Shaded","section":"Shading Mode"},"sceneLighting":false,"audioPlay":false,"sceneViewState":{"showFog":true,"showMaterialUpdate":true,"showSkybox":true,"showFlares":true,"showImageEffects":true,"showParticleSystems":true},"in2DMode":false,"pivot":{"x":0.11318190395832062,"y":2.3818187713623049,"z":0.3812417984008789},"rotation":{"x":-0.07948771864175797,"y":0.0017948051681742073,"z":-0.00014759051555301994,"w":-0.9968342185020447},"size":16.36320686340332,"orthographic":false}