{"cameraMode":{"drawMode":0,"name":"Shaded","section":"Shading Mode"},"sceneLighting":false,"audioPlay":false,"sceneViewState":{"showFog":true,"showMaterialUpdate":true,"showSkybox":true,"showFlares":true,"showImageEffects":true,"showParticleSystems":true},"in2DMode":false,"pivot":{"x":-2.995443344116211,"y":1.482184886932373,"z":0.2612457275390625},"rotation":{"x":0.27803683280944826,"y":0.045229289680719379,"z":-0.013102896511554718,"w":0.9594155550003052},"size":10.161615371704102,"orthographic":false}