{"cameraMode":{"drawMode":0,"name":"Shaded","section":"Shading Mode"},"sceneLighting":false,"audioPlay":false,"sceneViewState":{"showFog":true,"showMaterialUpdate":true,"showSkybox":true,"showFlares":true,"showImageEffects":true,"showParticleSystems":true},"in2DMode":false,"pivot":{"x":-8.0195951461792,"y":0.16718602180480958,"z":-0.4060649871826172},"rotation":{"x":0.17355328798294068,"y":-0.3592943251132965,"z":0.06819827109575272,"w":0.9144046902656555},"size":5.890504360198975,"orthographic":false}