{"cameraMode":{"drawMode":0,"name":"Shaded","section":"Shading Mode"},"sceneLighting":false,"audioPlay":false,"sceneViewState":{"showFog":true,"showMaterialUpdate":true,"showSkybox":true,"showFlares":true,"showImageEffects":true,"showParticleSystems":true},"in2DMode":false,"pivot":{"x":-20.85458755493164,"y":24.41785430908203,"z":-1.3656044006347657},"rotation":{"x":0.18766531348228455,"y":-0.054197367280721667,"z":0.010374927893280983,"w":0.9806817770004273},"size":32.37162399291992,"orthographic":false}