{"cameraMode":{"drawMode":0,"name":"Shaded","section":"Shading Mode"},"sceneLighting":false,"audioPlay":false,"sceneViewState":{"showFog":true,"showMaterialUpdate":true,"showSkybox":true,"showFlares":true,"showImageEffects":true,"showParticleSystems":true},"in2DMode":false,"pivot":{"x":35.349876403808597,"y":32.86286163330078,"z":23.94630241394043},"rotation":{"x":0.44813212752342226,"y":0.03539355471730232,"z":-0.01775454357266426,"w":0.893090009689331},"size":27.352083206176759,"orthographic":false}