{"cameraMode":{"drawMode":0,"name":"Shaded","section":"Shading Mode"},"sceneLighting":false,"audioPlay":false,"sceneViewState":{"showFog":true,"showMaterialUpdate":true,"showSkybox":true,"showFlares":true,"showImageEffects":true,"showParticleSystems":true},"in2DMode":false,"pivot":{"x":37.968589782714847,"y":-23.626277923583986,"z":19.890836715698243},"rotation":{"x":0.21991170942783357,"y":0.49839919805526736,"z":-0.13235341012477876,"w":0.8280819654464722},"size":54.86025619506836,"orthographic":false}