{"cameraMode":{"drawMode":0,"name":"Shaded","section":"Shading Mode"},"sceneLighting":false,"audioPlay":false,"sceneViewState":{"showFog":true,"showMaterialUpdate":true,"showSkybox":true,"showFlares":true,"showImageEffects":true,"showParticleSystems":true},"in2DMode":false,"pivot":{"x":-11.178207397460938,"y":-26.301326751708986,"z":-14.878764152526856},"rotation":{"x":-0.23245419561862946,"y":-0.7147720456123352,"z":0.2777089774608612,"w":-0.5982840657234192},"size":108.19769287109375,"orthographic":false}