{"cameraMode":{"drawMode":0,"name":"Shaded","section":"Shading Mode"},"sceneLighting":false,"audioPlay":false,"sceneViewState":{"showFog":true,"showMaterialUpdate":true,"showSkybox":true,"showFlares":true,"showImageEffects":true,"showParticleSystems":true},"in2DMode":false,"pivot":{"x":38.78105545043945,"y":30.810073852539064,"z":-35.75872039794922},"rotation":{"x":0.35220444202423098,"y":0.02583545632660389,"z":-0.00972161628305912,"w":0.9355159401893616},"size":157.2837677001953,"orthographic":false}