{"cameraMode":{"drawMode":0,"name":"Shaded","section":"Shading Mode"},"sceneLighting":false,"audioPlay":false,"sceneViewState":{"showFog":true,"showMaterialUpdate":true,"showSkybox":true,"showFlares":true,"showImageEffects":true,"showParticleSystems":true},"in2DMode":false,"pivot":{"x":-0.6294894218444824,"y":-2.4704208374023439,"z":134.60438537597657},"rotation":{"x":0.10188564658164978,"y":-0.01612374745309353,"z":0.0016551436856389046,"w":0.9946640729904175},"size":155.09271240234376,"orthographic":false}