{"cameraMode":{"drawMode":0,"name":"Shaded","section":"Shading Mode"},"sceneLighting":false,"audioPlay":false,"sceneViewState":{"showFog":true,"showMaterialUpdate":true,"showSkybox":true,"showFlares":true,"showImageEffects":true,"showParticleSystems":true},"in2DMode":false,"pivot":{"x":-0.47361183166503909,"y":-0.047087669372558597,"z":3.5773940086364748},"rotation":{"x":0.17355328798294068,"y":-0.3592943251132965,"z":0.06819827109575272,"w":0.9144046902656555},"size":11.735920906066895,"orthographic":false}