{"cameraMode":{"drawMode":0,"name":"Shaded","section":"Shading Mode"},"sceneLighting":false,"audioPlay":false,"sceneViewState":{"showFog":true,"showMaterialUpdate":true,"showSkybox":true,"showFlares":true,"showImageEffects":true,"showParticleSystems":true},"in2DMode":false,"pivot":{"x":2.5113532543182375,"y":-0.4367269277572632,"z":0.16749906539916993},"rotation":{"x":0.2645008862018585,"y":-0.3716201186180115,"z":0.11133311688899994,"w":0.8829171657562256},"size":4.646457672119141,"orthographic":false}