{"cameraMode":{"drawMode":0,"name":"Shaded","section":"Shading Mode"},"sceneLighting":false,"audioPlay":false,"sceneViewState":{"showFog":true,"showMaterialUpdate":true,"showSkybox":true,"showFlares":true,"showImageEffects":true,"showParticleSystems":true},"in2DMode":false,"pivot":{"x":37.54425811767578,"y":-19.28618621826172,"z":10.770088195800782},"rotation":{"x":-0.3298574388027191,"y":-0.17115943133831025,"z":0.06094001978635788,"w":-0.9263826608657837},"size":178.16162109375,"orthographic":false}