{"cameraMode":{"drawMode":0,"name":"Shaded","section":"Shading Mode"},"sceneLighting":false,"audioPlay":false,"sceneViewState":{"showFog":true,"showMaterialUpdate":true,"showSkybox":true,"showFlares":true,"showImageEffects":true,"showParticleSystems":true},"in2DMode":false,"pivot":{"x":45.493099212646487,"y":3.2257347106933595,"z":-48.42378234863281},"rotation":{"x":0.32488593459129336,"y":-0.6329246163368225,"z":0.33199355006217959,"w":0.6193833947181702},"size":75.15647888183594,"orthographic":false}