{"cameraMode":{"drawMode":0,"name":"Shaded","section":"Shading Mode"},"sceneLighting":false,"audioPlay":false,"sceneViewState":{"showFog":true,"showMaterialUpdate":true,"showSkybox":true,"showFlares":true,"showImageEffects":true,"showParticleSystems":true},"in2DMode":false,"pivot":{"x":5.416721820831299,"y":22.734949111938478,"z":15.241931915283204},"rotation":{"x":-0.11677338927984238,"y":-0.017578206956386567,"z":0.002062802668660879,"w":-0.993000864982605},"size":32.900028228759769,"orthographic":false}