{"cameraMode":{"drawMode":0,"name":"Shaded","section":"Shading Mode"},"sceneLighting":false,"audioPlay":false,"sceneViewState":{"showFog":true,"showMaterialUpdate":true,"showSkybox":true,"showFlares":true,"showImageEffects":true,"showParticleSystems":true},"in2DMode":false,"pivot":{"x":-13.053559303283692,"y":5.891195297241211,"z":-82.39747619628906},"rotation":{"x":0.32488593459129336,"y":-0.6329246163368225,"z":0.33199355006217959,"w":0.6193833947181702},"size":65.00544738769531,"orthographic":false}