{"cameraMode":{"drawMode":0,"name":"Shaded","section":"Shading Mode"},"sceneLighting":false,"audioPlay":false,"sceneViewState":{"showFog":true,"showMaterialUpdate":true,"showSkybox":true,"showFlares":true,"showImageEffects":true,"showParticleSystems":true},"in2DMode":false,"pivot":{"x":83.98909759521485,"y":-32.632511138916019,"z":-74.47669219970703},"rotation":{"x":0.17108716070652009,"y":0.5954118967056274,"z":-0.1316269338130951,"w":0.7738787531852722},"size":2.8578836917877199,"orthographic":false}