{"cameraMode":{"drawMode":0,"name":"Shaded","section":"Shading Mode"},"sceneLighting":false,"audioPlay":false,"sceneViewState":{"showFog":true,"showMaterialUpdate":true,"showSkybox":true,"showFlares":true,"showImageEffects":true,"showParticleSystems":true},"in2DMode":false,"pivot":{"x":0.40253347158432009,"y":1.2526241540908814,"z":0.3647801876068115},"rotation":{"x":0.1864299774169922,"y":-0.02329348400235176,"z":0.004424273502081633,"w":0.9821821451187134},"size":4.342115879058838,"orthographic":false}