{"cameraMode":{"drawMode":0,"name":"Shaded","section":"Shading Mode"},"sceneLighting":false,"audioPlay":false,"sceneViewState":{"showFog":true,"showMaterialUpdate":true,"showSkybox":true,"showFlares":true,"showImageEffects":true,"showParticleSystems":true},"in2DMode":false,"pivot":{"x":0.17334309220314027,"y":0.04751893877983093,"z":0.11561630666255951},"rotation":{"x":0.24339458346366883,"y":-0.48074114322662356,"z":0.14088839292526246,"w":0.8305404782295227},"size":0.5999405384063721,"orthographic":false}