{"cameraMode":{"drawMode":0,"name":"Shaded","section":"Shading Mode"},"sceneLighting":false,"audioPlay":false,"sceneViewState":{"showFog":true,"showMaterialUpdate":true,"showSkybox":true,"showFlares":true,"showImageEffects":true,"showParticleSystems":true},"in2DMode":false,"pivot":{"x":-6.199763298034668,"y":19.5201358795166,"z":7.765332221984863},"rotation":{"x":-0.24069344997406007,"y":-0.00376680726185441,"z":0.0009312761249020696,"w":-0.9705934524536133},"size":26.222877502441408,"orthographic":false}