{"cameraMode":{"drawMode":0,"name":"Shaded","section":"Shading Mode"},"sceneLighting":false,"audioPlay":false,"sceneViewState":{"showFog":true,"showMaterialUpdate":true,"showSkybox":true,"showFlares":true,"showImageEffects":true,"showParticleSystems":true},"in2DMode":false,"pivot":{"x":-0.009954214096069336,"y":0.6124957799911499,"z":-0.012013792991638184},"rotation":{"x":0.09623833000659943,"y":-0.9021046757698059,"z":0.26731181144714358,"w":0.3247920274734497},"size":2.357499599456787,"orthographic":false}