{"cameraMode":{"drawMode":0,"name":"Shaded","section":"Shading Mode"},"sceneLighting":false,"audioPlay":false,"sceneViewState":{"showFog":true,"showMaterialUpdate":true,"showSkybox":true,"showFlares":true,"showImageEffects":true,"showParticleSystems":true},"in2DMode":false,"pivot":{"x":-61.60221862792969,"y":11.643928527832032,"z":-83.37391662597656},"rotation":{"x":-0.29127779603004458,"y":-0.010887227021157742,"z":0.003312372136861086,"w":-0.9565708637237549},"size":46.616580963134769,"orthographic":false}