{"cameraMode":{"drawMode":0,"name":"Shaded","section":"Shading Mode"},"sceneLighting":false,"audioPlay":false,"sceneViewState":{"showFog":true,"showMaterialUpdate":true,"showSkybox":true,"showFlares":true,"showImageEffects":true,"showParticleSystems":true},"in2DMode":false,"pivot":{"x":-8.691835403442383,"y":25.919601440429689,"z":4.840423583984375},"rotation":{"x":0.03156350553035736,"y":0.025772571563720704,"z":-0.0008111984352581203,"w":0.999169111251831},"size":27.249786376953126,"orthographic":false}