{"cameraMode":{"drawMode":0,"name":"Shaded","section":"Shading Mode"},"sceneLighting":false,"audioPlay":false,"sceneViewState":{"showFog":true,"showMaterialUpdate":true,"showSkybox":true,"showFlares":true,"showImageEffects":true,"showParticleSystems":true},"in2DMode":false,"pivot":{"x":-0.1508549302816391,"y":-0.8990144729614258,"z":-0.3391876220703125},"rotation":{"x":0.1776202768087387,"y":-0.0023536335211247207,"z":0.0004295073449611664,"w":0.9840962290763855},"size":24.43497085571289,"orthographic":false}