{"cameraMode":{"drawMode":0,"name":"Shaded","section":"Shading Mode"},"sceneLighting":false,"audioPlay":false,"sceneViewState":{"showFog":true,"showMaterialUpdate":true,"showSkybox":true,"showFlares":true,"showImageEffects":true,"showParticleSystems":true},"in2DMode":false,"pivot":{"x":5.370089054107666,"y":-6.004852294921875,"z":-45.881370544433597},"rotation":{"x":0.4363851845264435,"y":0.002960019512102008,"z":-0.0014323013601824642,"w":0.8997539281845093},"size":98.66019439697266,"orthographic":false}