{"cameraMode":{"drawMode":0,"name":"Shaded","section":"Shading Mode"},"sceneLighting":false,"audioPlay":false,"sceneViewState":{"showFog":true,"showMaterialUpdate":true,"showSkybox":true,"showFlares":true,"showImageEffects":true,"showParticleSystems":true},"in2DMode":false,"pivot":{"x":-2.2912230491638185,"y":1.4158451557159424,"z":0.22411060333251954},"rotation":{"x":0.16700385510921479,"y":-0.4633138179779053,"z":0.08938189595937729,"w":0.8657141327857971},"size":9.313213348388672,"orthographic":false}