{"cameraMode":{"drawMode":0,"name":"Shaded","section":"Shading Mode"},"sceneLighting":false,"audioPlay":false,"sceneViewState":{"showFog":true,"showMaterialUpdate":true,"showSkybox":true,"showFlares":true,"showImageEffects":true,"showParticleSystems":true},"in2DMode":false,"pivot":{"x":-0.906104564666748,"y":2.299262046813965,"z":1.8659045696258546},"rotation":{"x":0.16794756054878236,"y":0.6618159413337708,"z":-0.1557043045759201,"w":0.7138273119926453},"size":5.512043476104736,"orthographic":false}