{"cameraMode":{"drawMode":0,"name":"Shaded","section":"Shading Mode"},"sceneLighting":false,"audioPlay":false,"sceneViewState":{"showFog":true,"showMaterialUpdate":true,"showSkybox":true,"showFlares":true,"showImageEffects":true,"showParticleSystems":true},"in2DMode":false,"pivot":{"x":-0.6827084422111511,"y":0.6738908290863037,"z":0.08510661125183106},"rotation":{"x":0.1864299774169922,"y":-0.02329348400235176,"z":0.004424273502081633,"w":0.9821821451187134},"size":3.7421157360076906,"orthographic":false}