{"cameraMode":{"drawMode":0,"name":"Shaded","section":"Shading Mode"},"sceneLighting":false,"audioPlay":false,"sceneViewState":{"showFog":true,"showMaterialUpdate":true,"showSkybox":true,"showFlares":true,"showImageEffects":true,"showParticleSystems":true},"in2DMode":false,"pivot":{"x":2.0123419761657717,"y":1.7544946670532227,"z":-0.898822546005249},"rotation":{"x":0.18789875507354737,"y":-0.3824753165245056,"z":0.07975570112466812,"w":0.9011358618736267},"size":2.5148069858551027,"orthographic":false}