{"cameraMode":{"drawMode":0,"name":"Shaded","section":"Shading Mode"},"sceneLighting":false,"audioPlay":false,"sceneViewState":{"showFog":true,"showMaterialUpdate":true,"showSkybox":true,"showFlares":true,"showImageEffects":true,"showParticleSystems":true},"in2DMode":false,"pivot":{"x":10.321023941040039,"y":25.383560180664064,"z":-21.39380645751953},"rotation":{"x":0.36962154507637026,"y":0.06460285186767578,"z":-0.025765756145119668,"w":0.9265757203102112},"size":129.6212158203125,"orthographic":false}