{"cameraMode":{"drawMode":0,"name":"Shaded","section":"Shading Mode"},"sceneLighting":false,"audioPlay":false,"sceneViewState":{"showFog":true,"showMaterialUpdate":true,"showSkybox":true,"showFlares":true,"showImageEffects":true,"showParticleSystems":true},"in2DMode":false,"pivot":{"x":0.000335693359375,"y":0.001220703125,"z":-0.00634765625},"rotation":{"x":0.26884955167770388,"y":-0.07619422674179077,"z":0.02134365402162075,"w":0.9599264860153198},"size":7.683418346005055e-10,"orthographic":true}