{"cameraMode":{"drawMode":0,"name":"Shaded","section":"Shading Mode"},"sceneLighting":false,"audioPlay":false,"sceneViewState":{"showFog":true,"showMaterialUpdate":true,"showSkybox":true,"showFlares":true,"showImageEffects":true,"showParticleSystems":true},"in2DMode":false,"pivot":{"x":-69.75260162353516,"y":0.7766766548156738,"z":10.75833797454834},"rotation":{"x":0.07591341435909271,"y":-0.8896976709365845,"z":0.1605965942144394,"w":0.4205758273601532},"size":6.617000579833984,"orthographic":false}