{"cameraMode":{"drawMode":0,"name":"Shaded","section":"Shading Mode"},"sceneLighting":false,"audioPlay":false,"sceneViewState":{"showFog":true,"showMaterialUpdate":true,"showSkybox":true,"showFlares":true,"showImageEffects":true,"showParticleSystems":true},"in2DMode":false,"pivot":{"x":-6.883535861968994,"y":23.32176399230957,"z":2.0869216918945314},"rotation":{"x":-0.24499334394931794,"y":-0.022665880620479585,"z":0.005726425442844629,"w":-0.9692428708076477},"size":14.376545906066895,"orthographic":false}