{"cameraMode":{"drawMode":0,"name":"Shaded","section":"Shading Mode"},"sceneLighting":false,"audioPlay":false,"sceneViewState":{"showFog":true,"showMaterialUpdate":true,"showSkybox":true,"showFlares":true,"showImageEffects":true,"showParticleSystems":true},"in2DMode":false,"pivot":{"x":-7.518569469451904,"y":1.0,"z":-103.11669158935547},"rotation":{"x":0.2476789504289627,"y":-0.04619922488927841,"z":0.01182894129306078,"w":0.9676677584648132},"size":15.919861793518067,"orthographic":false}