{"cameraMode":{"drawMode":0,"name":"Shaded","section":"Shading Mode"},"sceneLighting":false,"audioPlay":false,"sceneViewState":{"showFog":true,"showMaterialUpdate":true,"showSkybox":true,"showFlares":true,"showImageEffects":true,"showParticleSystems":true},"in2DMode":false,"pivot":{"x":0.10052716732025147,"y":-0.19956445693969727,"z":-0.10151386260986328},"rotation":{"x":0.2847239673137665,"y":-0.20195187628269196,"z":0.0614970326423645,"w":0.9350752830505371},"size":4.957884311676025,"orthographic":false}