{"cameraMode":{"drawMode":0,"name":"Shaded","section":"Shading Mode"},"sceneLighting":false,"audioPlay":false,"sceneViewState":{"showFog":true,"showMaterialUpdate":true,"showSkybox":true,"showFlares":true,"showImageEffects":true,"showParticleSystems":true},"in2DMode":false,"pivot":{"x":72.83372497558594,"y":-23.39138412475586,"z":-53.643821716308597},"rotation":{"x":0.27486491203308108,"y":0.36195969581604006,"z":-0.11259230971336365,"w":0.8836048245429993},"size":54.79507827758789,"orthographic":false}