{"cameraMode":{"drawMode":0,"name":"Shaded","section":"Shading Mode"},"sceneLighting":false,"audioPlay":false,"sceneViewState":{"showFog":true,"showMaterialUpdate":true,"showSkybox":true,"showFlares":true,"showImageEffects":true,"showParticleSystems":true},"in2DMode":false,"pivot":{"x":-17.48597526550293,"y":-2.664703369140625,"z":-63.3603515625},"rotation":{"x":-0.45089080929756167,"y":-0.030517300590872766,"z":0.015422511845827103,"w":-0.8919239640235901},"size":147.11056518554688,"orthographic":false}