{"cameraMode":{"drawMode":0,"name":"Shaded","section":"Shading Mode"},"sceneLighting":false,"audioPlay":false,"sceneViewState":{"showFog":true,"showMaterialUpdate":true,"showSkybox":true,"showFlares":true,"showImageEffects":true,"showParticleSystems":true},"in2DMode":false,"pivot":{"x":-47.4133415222168,"y":11.280494689941407,"z":-83.94099426269531},"rotation":{"x":-0.29127779603004458,"y":-0.010887227021157742,"z":0.003312372136861086,"w":-0.9565708637237549},"size":58.092742919921878,"orthographic":false}