{"cameraMode":{"drawMode":0,"name":"Shaded","section":"Shading Mode"},"sceneLighting":false,"audioPlay":false,"sceneViewState":{"showFog":true,"showMaterialUpdate":true,"showSkybox":true,"showFlares":true,"showImageEffects":true,"showParticleSystems":true},"in2DMode":false,"pivot":{"x":0.034143269062042239,"y":0.731999397277832,"z":0.1704540252685547},"rotation":{"x":0.1716611534357071,"y":0.02424035221338272,"z":-0.004220448434352875,"w":0.9848487973213196},"size":17.24213981628418,"orthographic":false}