{"cameraMode":{"drawMode":0,"name":"Shaded","section":"Shading Mode"},"sceneLighting":false,"audioPlay":false,"sceneViewState":{"showFog":true,"showMaterialUpdate":true,"showSkybox":true,"showFlares":true,"showImageEffects":true,"showParticleSystems":true},"in2DMode":false,"pivot":{"x":0.10235078632831574,"y":0.05354790389537811,"z":0.1076098158955574},"rotation":{"x":-0.09238782525062561,"y":-0.8890805244445801,"z":0.206367626786232,"w":-0.3980110287666321},"size":0.7920415997505188,"orthographic":false}