{"cameraMode":{"drawMode":0,"name":"Shaded","section":"Shading Mode"},"sceneLighting":false,"audioPlay":false,"sceneViewState":{"showFog":true,"showMaterialUpdate":true,"showSkybox":true,"showFlares":true,"showImageEffects":true,"showParticleSystems":true},"in2DMode":false,"pivot":{"x":12.065774917602539,"y":9.414535522460938,"z":-26.367076873779298},"rotation":{"x":0.4363851845264435,"y":0.002960019512102008,"z":-0.0014323013601824642,"w":0.8997539281845093},"size":71.663330078125,"orthographic":false}