{"cameraMode":{"drawMode":0,"name":"Shaded","section":"Shading Mode"},"sceneLighting":false,"audioPlay":false,"sceneViewState":{"showFog":true,"showMaterialUpdate":true,"showSkybox":true,"showFlares":true,"showImageEffects":true,"showParticleSystems":true},"in2DMode":false,"pivot":{"x":2.874642848968506,"y":3.7321596145629885,"z":15.715019226074219},"rotation":{"x":0.09891130030155182,"y":0.0062618679367005829,"z":-0.0006185054662637413,"w":0.9950763583183289},"size":49.60495376586914,"orthographic":false}