{"cameraMode":{"drawMode":0,"name":"Shaded","section":"Shading Mode"},"sceneLighting":false,"audioPlay":false,"sceneViewState":{"showFog":true,"showMaterialUpdate":true,"showSkybox":true,"showFlares":true,"showImageEffects":true,"showParticleSystems":true},"in2DMode":false,"pivot":{"x":0.00601428747177124,"y":-0.04611152410507202,"z":-0.017202794551849366},"rotation":{"x":-0.09238782525062561,"y":-0.8890805244445801,"z":0.206367626786232,"w":-0.3980110287666321},"size":1.29188871383667,"orthographic":false}