{"cameraMode":{"drawMode":0,"name":"Shaded","section":"Shading Mode"},"sceneLighting":false,"audioPlay":false,"sceneViewState":{"showFog":true,"showMaterialUpdate":true,"showSkybox":true,"showFlares":true,"showImageEffects":true,"showParticleSystems":true},"in2DMode":false,"pivot":{"x":1.4790756702423096,"y":0.9632097482681274,"z":-0.41417384147644045},"rotation":{"x":0.17355328798294068,"y":-0.3592943251132965,"z":0.06819827109575272,"w":0.9144046902656555},"size":4.975562572479248,"orthographic":false}