{"cameraMode":{"drawMode":0,"name":"Shaded","section":"Shading Mode"},"sceneLighting":false,"audioPlay":false,"sceneViewState":{"showFog":true,"showMaterialUpdate":true,"showSkybox":true,"showFlares":true,"showImageEffects":true,"showParticleSystems":true},"in2DMode":false,"pivot":{"x":2.128950595855713,"y":2.3153600692749025,"z":-31.298294067382814},"rotation":{"x":0.1331593245267868,"y":0.019610697403550149,"z":-0.0026323599740862848,"w":0.9908971190452576},"size":14.215764999389649,"orthographic":false}