{"cameraMode":{"drawMode":0,"name":"Shaded","section":"Shading Mode"},"sceneLighting":false,"audioPlay":false,"sceneViewState":{"showFog":true,"showMaterialUpdate":true,"showSkybox":true,"showFlares":true,"showImageEffects":true,"showParticleSystems":true},"in2DMode":false,"pivot":{"x":-5.1692423820495609,"y":0.39514780044555666,"z":-71.55276489257813},"rotation":{"x":0.15386110544204713,"y":-0.4661776125431061,"z":0.08270678669214249,"w":0.8672744035720825},"size":13.16236400604248,"orthographic":false}