{"cameraMode":{"drawMode":0,"name":"Shaded","section":"Shading Mode"},"sceneLighting":false,"audioPlay":false,"sceneViewState":{"showFog":true,"showMaterialUpdate":true,"showSkybox":true,"showFlares":true,"showImageEffects":true,"showParticleSystems":true},"in2DMode":false,"pivot":{"x":-27.837846755981447,"y":-15.125175476074219,"z":-40.58918762207031},"rotation":{"x":0.25501811504364016,"y":-0.03886877000331879,"z":0.010263112373650074,"w":0.96610027551651},"size":106.01110076904297,"orthographic":false}