{"cameraMode":{"drawMode":0,"name":"Shaded","section":"Shading Mode"},"sceneLighting":false,"audioPlay":false,"sceneViewState":{"showFog":true,"showMaterialUpdate":true,"showSkybox":true,"showFlares":true,"showImageEffects":true,"showParticleSystems":true},"in2DMode":false,"pivot":{"x":6.808692932128906,"y":57.606956481933597,"z":-32.740509033203128},"rotation":{"x":0.2610149085521698,"y":-0.6339159607887268,"z":0.24083928763866425,"w":0.6870359182357788},"size":49.19932556152344,"orthographic":false}