{"cameraMode":{"drawMode":0,"name":"Shaded","section":"Shading Mode"},"sceneLighting":false,"audioPlay":false,"sceneViewState":{"showFog":true,"showMaterialUpdate":true,"showSkybox":true,"showFlares":true,"showImageEffects":true,"showParticleSystems":true},"in2DMode":false,"pivot":{"x":2.6497437953948976,"y":22.586862564086915,"z":15.153407096862793},"rotation":{"x":-0.07349181175231934,"y":-0.004188697785139084,"z":0.0003043588949367404,"w":-0.9972870349884033},"size":31.165800094604493,"orthographic":false}