{"cameraMode":{"drawMode":0,"name":"Shaded","section":"Shading Mode"},"sceneLighting":false,"audioPlay":false,"sceneViewState":{"showFog":true,"showMaterialUpdate":true,"showSkybox":true,"showFlares":true,"showImageEffects":true,"showParticleSystems":true},"in2DMode":false,"pivot":{"x":-6.631588935852051,"y":2.3657150268554689,"z":50.801910400390628},"rotation":{"x":0.19968849420547486,"y":0.019388975575566293,"z":-0.003949091769754887,"w":0.9796596169471741},"size":71.68238830566406,"orthographic":false}