{"cameraMode":{"drawMode":0,"name":"Shaded","section":"Shading Mode"},"sceneLighting":false,"audioPlay":false,"sceneViewState":{"showFog":true,"showMaterialUpdate":true,"showSkybox":true,"showFlares":true,"showImageEffects":true,"showParticleSystems":true},"in2DMode":false,"pivot":{"x":0.6938263177871704,"y":3.5525121688842775,"z":-7.152454376220703},"rotation":{"x":0.1776202768087387,"y":-0.0023536335211247207,"z":0.0004295073449611664,"w":0.9840962290763855},"size":50.742835998535159,"orthographic":false}